article_id,source,date,title,author,url,description,text_file,retrieved_at
002,iopscience.iop.org,2025-02-06,The ‘Brussels 4’: essential requirements for implantable brain–computer interface user autonomy,Thomas J Oxley; Darrel R Deo; Stephanie Cernera; Abbey Sawyer; David Putrino; Nick F Ramsey; Adam Fry,https://iopscience.iop.org/article/10.1088/1741-2552/ada0e6,"The ‘Brussels 4’: essential requirements for implantable brain–computer interface user autonomy, Oxley, Thomas J, Deo, Darrel R, Cernera, Stephanie, Sawyer, Abbey, Putrino, David, Ramsey, Nick F, Fry, Adam",articles/002.txt,2026-09-18T11:34:17
003,iopscience.iop.org,2025-07-28,Making brain–computer interfaces as reliable as muscles,Jonathan R Wolpaw,https://iopscience.iop.org/article/10.1088/1741-2552/addd47,"Making brain–computer interfaces as reliable as muscles, Wolpaw, Jonathan R",articles/003.txt,2026-09-18T11:34:28
004,iopscience.iop.org,2025-05-23,Metaplasticity and continual learning: mechanisms subserving brain computer interface proficiency,Shuo-Yen Chueh; Yuanxin Chen; Narayan Subramanian; Benjamin Goolsby; Phillip Navarro; Karim Oweiss,https://iopscience.iop.org/article/10.1088/1741-2552/add37b,"Metaplasticity and continual learning: mechanisms subserving brain computer interface proficiency, Chueh, Shuo-Yen, Chen, Yuanxin, Subramanian, Narayan, Goolsby, Benjamin, Navarro, Phillip, Oweiss, Karim",articles/004.txt,2026-09-18T11:34:39
005,iopscience.iop.org,2025-02-11,"Using transient, effector-specific neural responses to gate decoding for brain–computer interfaces",Brian M Dekleva; Jennifer L Collinger,https://iopscience.iop.org/article/10.1088/1741-2552/adaa1f,"Using transient, effector-specific neural responses to gate decoding for brain–computer interfaces, Dekleva, Brian M, Collinger, Jennifer L",articles/005.txt,2026-09-18T11:34:49
006,www.nature.com,2025-06-12,An instantaneous voice-synthesis neuroprosthesis - Nature,Wairagkar; Maitreyee; Card; Nicholas S; Singer-Clark; Tyler; Hou; Xianda; Iacobacci; Carrina; Miller; Lee M; Hochberg; Leigh R; Brandman; David M; Stavisky; Sergey D,https://www.nature.com/articles/s41586-025-09127-3,"A brain-to-voice neuroprosthesis enables a man with amyotrophic lateral sclerosis to synthesize his voice in real time by decoding neural activity, demonstrating the potential of brain–computer interfaces to enable people with paralysis to speak intelligibly and expressively.",articles/006.txt,2026-09-18T11:35:00
007,www.nature.com,2025-01-20,A high-performance brain–computer interface for finger decoding and quadcopter game control in an individual with paralysis - Nature Medicine,Willsey; Matthew S; Shah; Nishal P; Avansino; Donald T; Hahn; Nick V; Jamiolkowski; Ryan M; Kamdar; Foram B; Hochberg; Leigh R; Willett; Francis R; Henderson; Jaimie M,https://www.nature.com/articles/s41591-024-03341-8,"A finger-based brain–computer interface was developed for a person with tetraplegia to allow him to fly a virtual quadcopter, an innovation that can lead to improved social connectedness, recreation and a sense of enablement.",articles/007.txt,2026-09-18T11:35:11
008,www.nature.com,2024-12-06,Enhanced control of a brain–computer interface by tetraplegic participants via neural-network-mediated feature extraction - Nature Biomedical Engineering,Haghi; Benyamin; Aflalo; Tyson; Kellis; Spencer; Guan; Charles; Gamez de Leon; Jorge A; Huang; Albert Yan; Pouratian; Nader; Andersen; Richard A; Emami; Azita,https://www.nature.com/articles/s41551-024-01297-1,A convolutional neural network that maps electrical signals from a brain–computer interface to neural features improved the performance of three participants with tetraplegia on a cursor-control task.,articles/008.txt,2026-09-18T11:35:21
009,www.nature.com,2024-06-03,Brain–computer interfaces for neuropsychiatric disorders - Nature Reviews Bioengineering,Oganesian; Lucine L; Shanechi; Maryam M,https://www.nature.com/articles/s44222-024-00177-2,"Stimulation therapy for neuropsychiatric disorders is hindered by the complexity and inter-individual and intra-individual variability in symptom manifestations, neural representations and response to therapy. Brain–computer interfaces could model the brain response to stimulation and decode the symptom state of a patient from brain activity as feedback to personalize the stimulation therapy in closed loop.",articles/009.txt,2026-09-18T11:35:32
010,www.nature.com,2024-04-22,The convergence of neuromodulation and brain–computer interfaces - Nature Reviews Bioengineering,Herron; Jeffrey; Kremen; Vaclav; Simeral; John D; Dawes; Heather; Worrell; Gregory A; Starr; Philip A; Denison; Timothy; Borton; David,https://www.nature.com/articles/s44222-024-00187-0,Neuromodulation and brain–computer interfaces are rapidly evolving fields with distinct origins but with the shared goal of improving the lives of people with neurological and psychiatric disorders or injuries. Their increasing technological overlap provides new opportunities for collaborative work and rapid progress in neurotechnology.,articles/010.txt,2026-09-18T11:35:43
001,www.frontiersin.org,2024-10-31,Frontiers | Caregivers in implantable brain-computer interface research: a scoping review,Nicolai Wohns; Natalie Dorfman; Eran Klein,https://www.frontiersin.org/journals/human-neuroscience/articles/10.3389/fnhum.2024.1490066/full,"IntroductionWhile the ethical significance of caregivers in neurological research has increasingly been recognized, the role of caregivers in brain-computer ...",articles/001.txt,2026-09-18T11:45:41
002,www.frontiersin.org,2025-03-12,Frontiers | Comparison metrics and power trade-offs for BCI motor decoding circuit design,Joe Saad; Adrian Evans; Ilan Jaoui; Victor Roux-Sibillon; Emmanuel Hardy; Lorena Anghel,https://www.frontiersin.org/journals/human-neuroscience/articles/10.3389/fnhum.2025.1547074/full,Brain signal decoders are increasingly being used in early clinical trials for rehabilitation and assistive applications such as motor control and speech dec...,articles/002.txt,2026-09-18T11:45:51
003,www.frontiersin.org,2024-12-24,Frontiers | A Bayesian dynamic stopping method for evoked response brain-computer interfacing,Sara Ahmadi; Peter Desain; Jordy Thielen,https://www.frontiersin.org/journals/human-neuroscience/articles/10.3389/fnhum.2024.1437965/full,"IntroductionAs brain-computer interfacing (BCI) systems transition fromassistive technology to more diverse applications, their speed, reliability, and user ...",articles/003.txt,2026-09-18T11:47:51
004,www.frontiersin.org,2025-03-12,Frontiers | Classifying mental motor tasks from chronic ECoG-BCI recordings using phase-amplitude coupling features,Morgane Marzulli; Alexandre Bleuzé; Joe Saad; Felix Martel; Philippe Ciuciu; Tetiana Aksenova; Lucas Struber,https://www.frontiersin.org/journals/human-neuroscience/articles/10.3389/fnhum.2025.1521491/full,"IntroductionPhase-amplitude coupling (PAC), the modulation of high-frequency neural oscillations by the phase of slower oscillations, is increasingly recogni...",articles/004.txt,2026-09-18T11:48:02
005,www.frontiersin.org,2025-03-04,Frontiers | Artifact filtering application to increase online parity in a communication BCI: progress toward use in daily-life,Tab Memmott; Daniel Klee; Niklas Smedemark-Margulies; Barry Oken,https://www.frontiersin.org/journals/human-neuroscience/articles/10.3389/fnhum.2025.1551214/full,A significant challenge in developing reliable Brain-Computer Interfaces (BCIs) is the presence of artifacts in the acquired brain signals. These artifacts m...,articles/005.txt,2026-09-18T11:48:12
001,www.nature.com,2024-09-20,The state of clinical trials of implantable brain–computer interfaces - Nature Reviews Bioengineering,Patrick-Krueger; K Michelle; Burkhart; Ian; Contreras-Vidal; Jose L,https://www.nature.com/articles/s44222-024-00239-5,"Information on clinical trial progress and outcomes of implanted brain–computer interfaces (iBCIs) remains limited. This Review provides a comprehensive survey of all identified clinical trials of iBCIs for communication, motor control or restoration of tactile perception conducted from the first chronic implantation in 1998 to December 2023.",articles/001.txt,2026-09-18T11:50:50
001,www.nbcnews.com,2025-03-31,A stroke survivor speaks again with the help of an experimental brain-computer implant,The Associated Press,https://www.nbcnews.com/science/science-news/stroke-survivor-speaks-help-experimental-brain-computer-implant-rcna198883,"The interface works in real time, a development meant to avoid delays that can disrupt the natural flow of conversation and lead to miscommunication.",articles/001.txt,2026-09-18T11:59:40
002,www.techexplorist.com,2025-04-29,Man speaks again after losing his voice- thanks to Neuralink implant,Pranjal Malewar,https://www.techexplorist.com/man-speaks-again-losing-voice-thanks-neuralink-implant/99194/,1st with ALS. 1st nonverbal.,articles/002.txt,2026-09-18T12:00:00
003,www.opb.org,2024-01-30,"What to know about Elon Musk’s Neuralink, which put an implant into a human brain for the first time",Bill Chappell,https://www.opb.org/article/2024/01/30/what-to-know-about-elon-musk-s-neuralink-which-put-an-implant-into-a-human-brain/,"""Imagine if Stephen Hawking could communicate faster than a speed typist or auctioneer,"" Musk said as he announced the step. ""That is the goal.""",articles/003.txt,2026-09-18T12:00:11
004,www.smithsonianmag.com,2026-07-20,A Man With Paralysis Has Regained Feeling and Movement in His Hands After an Experimental Brain Implant,Sara Hashemi,https://www.smithsonianmag.com/smart-news/a-man-with-paralysis-has-regained-feeling-and-movement-in-his-hands-after-an-experimental-brain-implant-180989156/,"After months of training, the patient can now move his arms and hands and feel the sensation of touch",articles/004.txt,2026-09-18T12:00:21
005,www.scientificamerican.com,2025-11-22,Do Brain-Decoding Devices Threaten People’s Privacy?,Liam Drew; Nature magazine,https://www.scientificamerican.com/article/do-brain-decoding-devices-threaten-peoples-privacy/,Ethicists say AI-powered advances will threaten the autonomy of people who use neurotechnology,articles/005.txt,2026-09-18T12:00:32
006,www.wired.com,2024-04-30,China Has a Controversial Plan for Brain-Computer Interfaces,Emily Mullin,https://www.wired.com/story/china-brain-computer-interfaces-neuralink-neucyber-neurotech/,China's brain-computer interface technology is catching up to the US. But it envisions a very different use case: cognitive enhancement.,articles/006.txt,2026-09-18T12:00:52
007,www.nature.com,2025-06-03,Brain-reading devices raise ethical dilemmas — researchers propose protections,Tjandra; Kristel,https://www.nature.com/articles/d41586-025-01679-8,Delegates to a United Nations meeting on neurotechnology ethics have devised the first set of global guidelines on maintaining users’ privacy.,articles/007.txt,2026-09-18T12:01:04
008,www.theguardian.com,2025-01-20,Brain implant that could boost mood by using ultrasound to go under NHS trial,Hannah Devlin,https://www.theguardian.com/science/2025/jan/20/brain-implant-boost-mood-ultrasound-nhs-trial,"Devices may have potential to help patients with conditions such as depression, addiction, OCD and epilepsy",articles/008.txt,2026-09-18T12:01:14
009,arstechnica.com,2024-02-20,"Musk claims Neuralink patient doing OK with implant, can move mouse with brain",Jon Brodkin,https://arstechnica.com/tech-policy/2024/02/musk-claims-neuralink-patient-doing-ok-with-implant-can-move-mouse-with-brain/,"Medical ethicists alarmed by Musk being ""sole source of information"" on patient.",articles/009.txt,2026-09-18T12:01:25
010,techcrunch.com,2024-09-17,Neuralink's 'breakthrough device' clearance from FDA does not mean it has cured blindness | TechCrunch,Devin Coldewey,https://techcrunch.com/2024/09/17/neuralinks-breakthrough-device-clearance-from-fda-does-not-mean-they-have-cured-blindness/,"Neuralink, the Elon Musk-owned brain-computer interface company, on Tuesday received ""breakthrough device"" clearance from the FDA. But this does not mean",articles/010.txt,2026-09-18T12:01:35
011,arstechnica.com,2025-08-23,An inner-speech decoder reveals some mental privacy issues,Jacek Krywko,https://arstechnica.com/science/2025/08/an-inner-speech-decoder-reveals-some-mental-privacy-issues/,Words you'll never speak still cause activity in the brain's speech centers.,articles/011.txt,2026-09-18T12:01:46
012,www.theverge.com,2025-04-28,"Neurotech companies are selling your brain data, senators warn",Gaby Del Valle,https://www.theverge.com/policy/657202/ftc-letter-senators-neurotech-companies-brain-computer-interface?,The senators’ letter called out Neuralink by name.,articles/012.txt,2026-09-18T12:01:56
013,www.theverge.com,2026-04-13,Did Neuralink make the wrong bet?,Elissa Welle,https://www.theverge.com/tech/910834/neuralink-bcis-bet,The field of brain-computer interfaces is moving away from mind-controlled computer cursors to restoring speech.,articles/013.txt,2026-09-18T12:02:06
014,arstechnica.com,2025-04-21,Neuroscientists are racing to turn brain waves into speech,Financial Times,https://arstechnica.com/health/2025/04/neuroscientists-are-racing-to-turn-brain-waves-into-speech/,AI and brain implants are being leveraged to create voice neuroprostheses.,articles/014.txt,2026-09-18T12:05:32
015,www.nature.com,2024-10-02,United States sets the pace for implantable brain–computer interfaces,Drew; Liam,https://www.nature.com/articles/d41586-024-03046-5,"As development of the technology accelerates, countries are weighing the costs and benefits of how they regulate it.",articles/015.txt,2026-09-18T12:05:43
