article_id,sentences,positive_pct,negative_pct,neutral_pct,overall_sentiment
1,693,0.0159,0.0087,0.9755,neutral
2,474,0.0253,0.0021,0.9726,neutral
3,747,0.0683,0.0214,0.9103,neutral
4,776,0.0541,0.0052,0.9407,neutral
5,75,0.1733,0.0267,0.8,neutral
6,2,0,0,1,neutral
7,206,0.068,0.0291,0.9029,neutral
8,247,0.0162,0.0081,0.9757,neutral
9,253,0.0356,0.0119,0.9526,neutral
10,304,0.0099,0,0.9901,neutral
11,572,0.0577,0.0035,0.9388,neutral
12,418,0.0359,0.0287,0.9354,neutral
13,416,0.0192,0.0288,0.9519,neutral
14,332,0.0331,0.0271,0.9398,neutral
15,624,0.0385,0.0032,0.9583,neutral
16,624,0.0385,0.0032,0.9583,neutral
17,656,0.0625,0.0183,0.9192,neutral
18,657,0.0183,0,0.9817,neutral
19,754,0.0332,0.0066,0.9602,neutral
20,733,0.0327,0.0368,0.9304,neutral
21,393,0.0458,0.0051,0.9491,neutral
22,273,0.033,0.0147,0.9524,neutral
23,139,0.0576,0.0504,0.8921,neutral
24,190,0.0211,0.0158,0.9632,neutral
25,309,0.123,0.0291,0.8479,neutral
26,1206,0.0431,0.0116,0.9453,neutral
27,635,0.063,0.0047,0.9323,neutral
28,407,0.0246,0.0123,0.9631,neutral
29,476,0.0147,0.0189,0.9664,neutral
30,478,0.0921,0.0146,0.8933,neutral
31,18,0.0556,0.0556,0.8889,neutral
32,19,0.4737,0.0526,0.4737,positive
33,36,0.1389,0,0.8611,neutral
34,26,0.2308,0,0.7692,neutral
35,99,0.101,0.0303,0.8687,neutral
36,29,0.2759,0.0345,0.6897,neutral
37,31,0.0645,0,0.9355,neutral
38,28,0.2143,0.0357,0.75,neutral
39,15,0.1333,0,0.8667,neutral
40,22,0.1818,0.0455,0.7727,neutral
41,15,0.1333,0,0.8667,neutral
42,29,0.1034,0,0.8966,neutral
43,145,0.1586,0,0.8414,neutral
44,11,0.2727,0,0.7273,neutral
45,63,0.2381,0.0159,0.746,neutral
46,7,0.1429,0,0.8571,neutral
47,101,0.2376,0.0198,0.7426,neutral
48,25,0.16,0,0.84,neutral
49,331,0.0755,0.003,0.9215,neutral
50,58,0.0345,0,0.9655,neutral
51,88,0.1818,0,0.8182,neutral
52,79,0.1139,0,0.8861,neutral
53,103,0.1359,0.0583,0.8058,neutral
54,88,0.1023,0,0.8977,neutral
55,15,0.0667,0,0.9333,neutral
56,20,0.05,0,0.95,neutral
57,20,0.2,0,0.8,neutral
58,11,0.2727,0,0.7273,neutral
59,8,0.375,0,0.625,neutral
60,53,0.3585,0.0189,0.6226,neutral
