article_id,source,date,title,author,url,description,text_file,retrieved_at,article_type,word_count
1,www.nature.com,6/12/2025,An instantaneous voice-synthesis neuroprosthesis - Nature,Wairagkar; Maitreyee; Card; Nicholas S; Singer-Clark; Tyler; Hou; Xianda; Iacobacci; Carrina; Miller; Lee M; Hochberg; Leigh R; Brandman; David M; Stavisky; Sergey D,https://www.nature.com/articles/s41586-025-09127-3,"A brain-to-voice neuroprosthesis enables a man with amyotrophic lateral sclerosis to synthesize his voice in real time by decoding neural activity, demonstrating the potential of brain–computer interfaces to enable people with paralysis to speak intelligibly and expressively.",articles\001.txt,2026-09-23T10:43:32,Scientific,4958
2,www.nature.com,1/20/2025,A high-performance brain–computer interface for finger decoding and quadcopter game control in an individual with paralysis - Nature Medicine,Willsey; Matthew S; Shah; Nishal P; Avansino; Donald T; Hahn; Nick V; Jamiolkowski; Ryan M; Kamdar; Foram B; Hochberg; Leigh R; Willett; Francis R; Henderson; Jaimie M,https://www.nature.com/articles/s41591-024-03341-8,"A finger-based brain–computer interface was developed for a person with tetraplegia to allow him to fly a virtual quadcopter, an innovation that can lead to improved social connectedness, recreation and a sense of enablement.",articles\002.txt,2026-09-23T10:43:43,Scientific,10539
3,www.nature.com,12/6/2024,Enhanced control of a brain–computer interface by tetraplegic participants via neural-network-mediated feature extraction - Nature Biomedical Engineering,Haghi; Benyamin; Aflalo; Tyson; Kellis; Spencer; Guan; Charles; Gamez de Leon; Jorge A; Huang; Albert Yan; Pouratian; Nader; Andersen; Richard A; Emami; Azita,https://www.nature.com/articles/s41551-024-01297-1,A convolutional neural network that maps electrical signals from a brain–computer interface to neural features improved the performance of three participants with tetraplegia on a cursor-control task.,articles\003.txt,2026-09-23T10:43:54,Scientific,4940
4,www.nature.com,6/3/2024,Brain–computer interfaces for neuropsychiatric disorders - Nature Reviews Bioengineering,Oganesian; Lucine L; Shanechi; Maryam M,https://www.nature.com/articles/s44222-024-00177-2,"Stimulation therapy for neuropsychiatric disorders is hindered by the complexity and inter-individual and intra-individual variability in symptom manifestations, neural representations and response to therapy. Brain–computer interfaces could model the brain response to stimulation and decode the symptom state of a patient from brain activity as feedback to personalize the stimulation therapy in closed loop.",articles\004.txt,2026-09-23T10:44:05,Scientific,5968
5,www.nature.com,4/22/2024,The convergence of neuromodulation and brain–computer interfaces - Nature Reviews Bioengineering,Herron; Jeffrey; Kremen; Vaclav; Simeral; John D; Dawes; Heather; Worrell; Gregory A; Starr; Philip A; Denison; Timothy; Borton; David,https://www.nature.com/articles/s44222-024-00187-0,Neuromodulation and brain–computer interfaces are rapidly evolving fields with distinct origins but with the shared goal of improving the lives of people with neurological and psychiatric disorders or injuries. Their increasing technological overlap provides new opportunities for collaborative work and rapid progress in neurotechnology.,articles\005.txt,2026-09-23T10:44:16,Scientific,593
6,iopscience.iop.org,,Radware Bot Manager Captcha,,https://iopscience.iop.org/article/10.1088/1741-2552/ada0e6,,articles\006.txt,2026-09-23T10:44:27,Scientific,42
7,iopscience.iop.org,7/28/2025,Making brain–computer interfaces as reliable as muscles,Jonathan R Wolpaw,https://iopscience.iop.org/article/10.1088/1741-2552/addd47,"Making brain–computer interfaces as reliable as muscles, Wolpaw, Jonathan R",articles\007.txt,2026-09-23T10:44:38,Scientific,4589
8,iopscience.iop.org,5/23/2025,Metaplasticity and continual learning: mechanisms subserving brain computer interface proficiency,Shuo-Yen Chueh; Yuanxin Chen; Narayan Subramanian; Benjamin Goolsby; Phillip Navarro; Karim Oweiss,https://iopscience.iop.org/article/10.1088/1741-2552/add37b,"Metaplasticity and continual learning: mechanisms subserving brain computer interface proficiency, Chueh, Shuo-Yen, Chen, Yuanxin, Subramanian, Narayan, Goolsby, Benjamin, Navarro, Phillip, Oweiss, Karim",articles\008.txt,2026-09-23T10:44:49,Scientific,7404
9,iopscience.iop.org,2/11/2025,"Using transient, effector-specific neural responses to gate decoding for brain–computer interfaces",Brian M Dekleva; Jennifer L Collinger,https://iopscience.iop.org/article/10.1088/1741-2552/adaa1f,"Using transient, effector-specific neural responses to gate decoding for brain–computer interfaces, Dekleva, Brian M, Collinger, Jennifer L",articles\009.txt,2026-09-23T10:44:59,Scientific,6046
10,www.frontiersin.org,10/31/2024,Frontiers | Caregivers in implantable brain-computer interface research: a scoping review,Nicolai Wohns; Natalie Dorfman; Eran Klein,https://www.frontiersin.org/journals/human-neuroscience/articles/10.3389/fnhum.2024.1490066/full,"IntroductionWhile the ethical significance of caregivers in neurological research has increasingly been recognized, the role of caregivers in brain-computer ...",articles\010.txt,2026-09-23T10:45:10,Scientific,7193
11,www.frontiersin.org,3/12/2025,Frontiers | Comparison metrics and power trade-offs for BCI motor decoding circuit design,Joe Saad; Adrian Evans; Ilan Jaoui; Victor Roux-Sibillon; Emmanuel Hardy; Lorena Anghel,https://www.frontiersin.org/journals/human-neuroscience/articles/10.3389/fnhum.2025.1547074/full,Brain signal decoders are increasingly being used in early clinical trials for rehabilitation and assistive applications such as motor control and speech dec...,articles\011.txt,2026-09-23T10:45:21,Scientific,11400
12,www.frontiersin.org,12/24/2024,Frontiers | A Bayesian dynamic stopping method for evoked response brain-computer interfacing,Sara Ahmadi; Peter Desain; Jordy Thielen,https://www.frontiersin.org/journals/human-neuroscience/articles/10.3389/fnhum.2024.1437965/full,"IntroductionAs brain-computer interfacing (BCI) systems transition fromassistive technology to more diverse applications, their speed, reliability, and user ...",articles\012.txt,2026-09-23T10:45:31,Scientific,9314
13,www.frontiersin.org,3/12/2025,Frontiers | Classifying mental motor tasks from chronic ECoG-BCI recordings using phase-amplitude coupling features,Morgane Marzulli; Alexandre Bleuzé; Joe Saad; Felix Martel; Philippe Ciuciu; Tetiana Aksenova; Lucas Struber,https://www.frontiersin.org/journals/human-neuroscience/articles/10.3389/fnhum.2025.1521491/full,"IntroductionPhase-amplitude coupling (PAC), the modulation of high-frequency neural oscillations by the phase of slower oscillations, is increasingly recogni...",articles\013.txt,2026-09-23T10:45:42,Scientific,9650
14,www.frontiersin.org,3/4/2025,Frontiers | Artifact filtering application to increase online parity in a communication BCI: progress toward use in daily-life,Tab Memmott; Daniel Klee; Niklas Smedemark-Margulies; Barry Oken,https://www.frontiersin.org/journals/human-neuroscience/articles/10.3389/fnhum.2025.1551214/full,A significant challenge in developing reliable Brain-Computer Interfaces (BCIs) is the presence of artifacts in the acquired brain signals. These artifacts m...,articles\014.txt,2026-09-23T10:45:52,Scientific,6634
15,www.nature.com,9/20/2024,The state of clinical trials of implantable brain–computer interfaces - Nature Reviews Bioengineering,Patrick-Krueger; K Michelle; Burkhart; Ian; Contreras-Vidal; Jose L,https://www.nature.com/articles/s44222-024-00239-5,"Information on clinical trial progress and outcomes of implanted brain–computer interfaces (iBCIs) remains limited. This Review provides a comprehensive survey of all identified clinical trials of iBCIs for communication, motor control or restoration of tactile perception conducted from the first chronic implantation in 1998 to December 2023.",articles\015.txt,2026-09-23T10:46:03,Scientific,6576
16,www.nature.com,9/20/2024,The state of clinical trials of implantable brain–computer interfaces - Nature Reviews Bioengineering,Patrick-Krueger; K Michelle; Burkhart; Ian; Contreras-Vidal; Jose L,https://www.nature.com/articles/s44222-024-00239-5,"Information on clinical trial progress and outcomes of implanted brain–computer interfaces (iBCIs) remains limited. This Review provides a comprehensive survey of all identified clinical trials of iBCIs for communication, motor control or restoration of tactile perception conducted from the first chronic implantation in 1998 to December 2023.",articles\016.txt,2026-09-23T10:46:14,Scientific,6576
17,www.nature.com,5/31/2024,Translation of neurotechnologies - Nature Reviews Bioengineering,Schalk; Gerwin; Brunner; Peter; Allison; Brendan Z; Soekadar; Surjo R; Guan; Cuntai; Denison; Tim; Rickert; Jörn; Miller; Kai J,https://www.nature.com/articles/s44222-024-00185-2,"Despite inspiring proof-of-concepts that are often widely covered by the media, only a few neurotechnologies have firmly established themselves as clinical solutions. In this Review, we discuss opportunities and shortcomings of this technology, and provide a framework to facilitate clinical and commercial translation.",articles\017.txt,2026-09-23T10:46:26,Scientific,5803
18,www.nature.com,5/20/2024,A bilingual speech neuroprosthesis driven by cortical articulatory representations shared between languages - Nature Biomedical Engineering,Silva; Alexander B; Liu; Jessie R; Metzger; Sean L; Bhaya-Grossman; Ilina; Dougherty; Maximilian E; Seaton; Margaret P; Littlejohn; Kaylo T; Tu-Chan; Adelyn; Ganguly; Karunesh; Moses; David A; Chang; Edward F,https://www.nature.com/articles/s41551-024-01207-5,Multilingual articulatory representations in the speech-motor cortex of a participant with vocal-tract and limb paralysis enabled the development of a bilingual speech neuroprosthesis.,articles\018.txt,2026-09-23T10:46:36,Scientific,3942
19,www.nature.com,9/24/2025,Invasive neurophysiology and whole brain connectomics for neural decoding in patients with brain implants - Nature Biomedical Engineering,Timon; Köhler; Richard M; Brotons; Toni M; Vossberg; Samed Rouven; Peterson; Victoria; Lyra; Laura Freire; Vanhoecke; Jojo; Chikermane; Meera; Binns; Thomas S; Li; Ningfei; Walton; Ashley; Neudorfer; Clemens; Bush; Alan; Sisterson; Nathan; Busch; Johannes; Lofredi; Roxanne; Habets; Jeroen; Huebl; Julius; Zhu; Guanyu; Yin; Zixiao; Zhao; Baotian; Merkl; Angela; Bajbouj; Malek; Krause; Patricia; Faust; Katharina; Schneider; Gerd-Helge; Horn; Andreas; Zhang; Jianguo; Kühn; Andrea A; Mark Richardson; Neumann; Wolf-Julian,https://www.nature.com/articles/s41551-025-01467-9,A modularized open-source pipeline for invasive brain signal decoding bridges the gap between closed-loop neuromodulation and clinical brain–computer interface approaches in a large patient cohort.,articles\019.txt,2026-09-23T10:46:47,Scientific,15847
20,www.nature.com,12/8/2025,Long-term unsupervised recalibration of cursor-based intracortical brain–computer interfaces using a hidden Markov model - Nature Biomedical Engineering,Wilson; Guy H; Stein; Elias A; Kamdar; Foram; Avansino; Donald T; Pun; Tsam Kiu; Gross; Ronnie; Hosman; Tommy; Singer-Clark; Tyler; Kapitonava; Anastasia; Hochberg; Leigh R; Simeral; John D; Shenoy; Krishna V; Druckmann; Shaul; Henderson; Jaimie M; Willett; Francis R,https://www.nature.com/articles/s41551-025-01536-z,A hidden Markov model that uses probabilistic retrospective inference allows for up to one month of unsupervised recalibration in an online cursor-based intracortical brain–machine interface.,articles\020.txt,2026-09-23T10:46:58,Scientific,16752
21,iopscience.iop.org,4/4/2024,Applying the IEEE BRAIN neuroethics framework to intra-cortical brain-computer interfaces,Joana Soldado-Magraner; Alberto Antonietti; Jennifer French; Nathan Higgins; Michael J Young; Denis Larrivee; Rebecca Monteleone,https://iopscience.iop.org/article/10.1088/1741-2552/ad3852,"Applying the IEEE BRAIN neuroethics framework to intra-cortical brain-computer interfaces, Soldado-Magraner, Joana, Antonietti, Alberto, French, Jennifer, Higgins, Nathan, Young, Michael J, Larrivee, Denis, Monteleone, Rebecca",articles\021.txt,2026-09-23T10:47:09,Scientific,9937
22,iopscience.iop.org,12/10/2024,Brain–computer interfaces patient preferences: a systematic review,Jamie F M Brannigan; Kishan Liyanage; Hugo Layard Horsfall; Luke Bashford; William Muirhead; Adam Fry,https://iopscience.iop.org/article/10.1088/1741-2552/ad94a6,"Brain–computer interfaces patient preferences: a systematic review, Brannigan, Jamie F M, Liyanage, Kishan, Horsfall, Hugo Layard, Bashford, Luke, Muirhead, William, Fry, Adam",articles\022.txt,2026-09-23T10:47:20,Scientific,5656
23,iopscience.iop.org,8/21/2024,Benchmarking brain–computer interface algorithms: Riemannian approaches vs convolutional neural networks,Manuel Eder; Jiachen Xu; Moritz Grosse-Wentrup,https://iopscience.iop.org/article/10.1088/1741-2552/ad6793,"Benchmarking brain–computer interface algorithms: Riemannian approaches vs convolutional neural networks, Eder, Manuel, Xu, Jiachen, Grosse-Wentrup, Moritz",articles\023.txt,2026-09-23T10:47:30,Scientific,3652
24,iopscience.iop.org,2/10/2025,How different immersive environments affect intracortical brain computer interfaces,Ariana F Tortolani; Nicolas G Kunigk; Anton R Sobinov; Michael L Boninger; Sliman J Bensmaia; Jennifer L Collinger; Nicholas G Hatsopoulos; John E Downey,https://iopscience.iop.org/article/10.1088/1741-2552/adb078,"How different immersive environments affect intracortical brain computer interfaces, Tortolani, Ariana F, Kunigk, Nicolas G, Sobinov, Anton R, Boninger, Michael L, Bensmaia, Sliman J, Collinger, Jennifer L, Hatsopoulos, Nicholas G, Downey, John E",articles\024.txt,2026-09-23T10:47:41,Scientific,5201
25,iopscience.iop.org,4/7/2026,EDAPT: towards calibration-free BCIs with continual online adaptation,Lisa Haxel; Jaivardhan Kapoor; Ulf Ziemann; Jakob H Macke,http://iopscience.iop.org/article/10.1088/1741-2552/ae5689,"EDAPT: towards calibration-free BCIs with continual online adaptation, Haxel, Lisa, Kapoor, Jaivardhan, Ziemann, Ulf, Macke, Jakob H",articles\025.txt,2026-09-23T10:47:52,Scientific,7368
26,www.frontiersin.org,4/22/2026,Frontiers | Brain-computer interface: an update for the clinicians,Agam Jain; Sreelakshmi Raveendran; Krishnan Padmakumari Sivaraman Nair; Subasree Ramakrishnan,https://www.frontiersin.org/journals/human-neuroscience/articles/10.3389/fnhum.2026.1777024/full,This narrative review critically examines the fundamental principles and clinical applications of Brain-Computer Interfaces (BCIs) in neuroscience and mental...,articles\026.txt,2026-09-23T10:48:04,Scientific,22057
27,www.frontiersin.org,2/10/2026,Frontiers | Individualized brain-computer interface for people with disabilities: a review,Simanto Saha; Petra Karlsson; Collin Anderson; Omid Kavehei; Alistair McEwan,https://www.frontiersin.org/journals/human-neuroscience/articles/10.3389/fnhum.2026.1738876/full,"Brain-computer interfaces (BCIs) facilitate functional interaction between the brain and external devices, enabling users to bypass their typical peripheral ...",articles\027.txt,2026-09-23T10:48:16,Scientific,11813
28,www.frontiersin.org,3/26/2026,Frontiers | Individualized electrode subset improves the calibration accuracy of an EEG P300-design brain-computer interface for people with severe cerebral palsy,Si Long Jenny Tou; Seth A Warschausky; Petra Karlsson; Jane E Huggins,https://www.frontiersin.org/journals/human-neuroscience/articles/10.3389/fnhum.2026.1720969/full,IntroductionThis study examined the effect of individualized electroencephalogram (EEG) electrode location selection for non-invasive P300-design brain-compu...,articles\028.txt,2026-09-23T10:48:26,Scientific,8485
29,www.frontiersin.org,8/28/2026,Frontiers | A confidence-gated source selection strategy for cross-session transfer in brain–computer interfaces,Yiming Shen; David Degras,https://www.frontiersin.org/journals/human-neuroscience/articles/10.3389/fnhum.2026.1895016/full,"Cross-session variability remains a major obstacle to the reliable operation of motor imagery (MI)-based brain-computer interfaces (BCI), particularly when s...",articles\029.txt,2026-09-23T10:48:38,Scientific,8892
30,www.frontiersin.org,5/4/2026,Frontiers | Toward practical BCIs: a BMNABC-based feature selection and sensor optimization framework for implicit learning detection from multimodal EEG-fNIRS data,Chayapol Chaiyanan; Tustanah Phukhachee; Keiji Iramina; Boonserm Kaewkamnerdpong,https://www.frontiersin.org/journals/human-neuroscience/articles/10.3389/fnhum.2026.1778884/full,Implicit learning is a fundamental cognitive process whose identification is critical for understanding human cognition and developing innovative training me...,articles\030.txt,2026-09-23T10:48:48,Scientific,10740
31,www.nbcnews.com,3/31/2025,A stroke survivor speaks again with the help of an experimental brain-computer implant,The Associated Press,https://www.nbcnews.com/science/science-news/stroke-survivor-speaks-help-experimental-brain-computer-implant-rcna198883,"The interface works in real time, a development meant to avoid delays that can disrupt the natural flow of conversation and lead to miscommunication.",articles\031.txt,2026-09-23T10:48:59,News/Media,400
32,www.techexplorist.com,4/29/2025,Man speaks again after losing his voice- thanks to Neuralink implant,Pranjal Malewar,https://www.techexplorist.com/man-speaks-again-losing-voice-thanks-neuralink-implant/99194/,1st with ALS. 1st nonverbal.,articles\032.txt,2026-09-23T10:49:10,News/Media,407
33,www.opb.org,1/30/2024,"What to know about Elon Musk’s Neuralink, which put an implant into a human brain for the first time",Bill Chappell,https://www.opb.org/article/2024/01/30/what-to-know-about-elon-musk-s-neuralink-which-put-an-implant-into-a-human-brain/,"""Imagine if Stephen Hawking could communicate faster than a speed typist or auctioneer,"" Musk said as he announced the step. ""That is the goal.""",articles\033.txt,2026-09-23T10:49:21,News/Media,996
34,www.smithsonianmag.com,7/20/2026,A Man With Paralysis Has Regained Feeling and Movement in His Hands After an Experimental Brain Implant,Sara Hashemi,https://www.smithsonianmag.com/smart-news/a-man-with-paralysis-has-regained-feeling-and-movement-in-his-hands-after-an-experimental-brain-implant-180989156/,"After months of training, the patient can now move his arms and hands and feel the sensation of touch",articles\034.txt,2026-09-23T10:49:31,News/Media,678
35,www.scientificamerican.com,11/22/2025,Do Brain-Decoding Devices Threaten People’s Privacy?,Liam Drew; Nature magazine,https://www.scientificamerican.com/article/do-brain-decoding-devices-threaten-peoples-privacy/,Ethicists say AI-powered advances will threaten the autonomy of people who use neurotechnology,articles\035.txt,2026-09-23T10:49:43,News/Media,2483
36,www.wired.com,4/30/2024,China Has a Controversial Plan for Brain-Computer Interfaces,Emily Mullin,https://www.wired.com/story/china-brain-computer-interfaces-neuralink-neucyber-neurotech/,China's brain-computer interface technology is catching up to the US. But it envisions a very different use case: cognitive enhancement.,articles\036.txt,2026-09-23T10:49:54,News/Media,848
37,www.nature.com,6/3/2025,Brain-reading devices raise ethical dilemmas — researchers propose protections,Tjandra; Kristel,https://www.nature.com/articles/d41586-025-01679-8,Delegates to a United Nations meeting on neurotechnology ethics have devised the first set of global guidelines on maintaining users’ privacy.,articles\037.txt,2026-09-23T10:50:05,Scientific,82
38,www.theguardian.com,1/20/2025,Brain implant that could boost mood by using ultrasound to go under NHS trial,Hannah Devlin,https://www.theguardian.com/science/2025/jan/20/brain-implant-boost-mood-ultrasound-nhs-trial,"Devices may have potential to help patients with conditions such as depression, addiction, OCD and epilepsy",articles\038.txt,2026-09-23T10:50:16,News/Media,809
39,arstechnica.com,2/20/2024,"Musk claims Neuralink patient doing OK with implant, can move mouse with brain",Jon Brodkin,https://arstechnica.com/tech-policy/2024/02/musk-claims-neuralink-patient-doing-ok-with-implant-can-move-mouse-with-brain/,"Medical ethicists alarmed by Musk being ""sole source of information"" on patient.",articles\039.txt,2026-09-23T10:50:27,News/Media,444
40,techcrunch.com,9/17/2024,Neuralink's 'breakthrough device' clearance from FDA does not mean it has cured blindness | TechCrunch,Devin Coldewey,https://techcrunch.com/2024/09/17/neuralinks-breakthrough-device-clearance-from-fda-does-not-mean-they-have-cured-blindness/,"Neuralink, the Elon Musk-owned brain-computer interface company, on Tuesday received ""breakthrough device"" clearance from the FDA. But this does not mean",articles\040.txt,2026-09-23T10:50:38,News/Media,650
41,arstechnica.com,8/23/2025,An inner-speech decoder reveals some mental privacy issues,Jacek Krywko,https://arstechnica.com/science/2025/08/an-inner-speech-decoder-reveals-some-mental-privacy-issues/,Words you'll never speak still cause activity in the brain's speech centers.,articles\041.txt,2026-09-23T10:50:48,News/Media,357
42,www.theverge.com,4/28/2025,"Neurotech companies are selling your brain data, senators warn",Gaby Del Valle,https://www.theverge.com/policy/657202/ftc-letter-senators-neurotech-companies-brain-computer-interface?,The senators’ letter called out Neuralink by name.,articles\042.txt,2026-09-23T10:50:59,News/Media,1035
43,www.theverge.com,4/13/2026,Did Neuralink make the wrong bet?,Elissa Welle,https://www.theverge.com/tech/910834/neuralink-bcis-bet,The field of brain-computer interfaces is moving away from mind-controlled computer cursors to restoring speech.,articles\043.txt,2026-09-23T10:51:09,News/Media,3515
44,arstechnica.com,4/21/2025,Neuroscientists are racing to turn brain waves into speech,Financial Times,https://arstechnica.com/health/2025/04/neuroscientists-are-racing-to-turn-brain-waves-into-speech/,AI and brain implants are being leveraged to create voice neuroprostheses.,articles\044.txt,2026-09-23T10:51:20,News/Media,301
45,www.nature.com,10/2/2024,United States sets the pace for implantable brain–computer interfaces,Drew; Liam,https://www.nature.com/articles/d41586-024-03046-5,"As development of the technology accelerates, countries are weighing the costs and benefits of how they regulate it.",articles\045.txt,2026-09-23T10:51:30,Scientific,161
46,www.statnews.com,4/7/2025,New thought-to-speech brain device allows for ‘natural conversation’,O Rose Broderick,https://www.statnews.com/2025/04/07/brain-computer-interface-translates-thoughts-real-time,Researchers inched closer to developing a commercial device that can instantly translate brain activity into speech.,articles\046.txt,2026-09-23T10:52:14,News/Media,188
47,www.smithsonianmag.com,10/23/2024,Bionic 'Pilots' Compete for the Gold at the Cybathlon,REPRINT AUTHOR PLACEHOLDER; Dana Mackenzie; Knowable Magazine,https://www.smithsonianmag.com/innovation/bionic-pilots-compete-for-the-gold-at-the-cybathlon-180985314,"In the international competition, people with physical disabilities put state-of-the-art devices to the test as they race to complete the tasks of everyday life",articles\047.txt,2026-09-23T10:52:26,News/Media,2245
48,www.latimes.com,6/13/2025,Neuralink device helps monkey see something that’s not there,Ike Swetlitz,https://www.latimes.com/business/story/2025-06-13/neuralink-device-helps-monkey-see-something-thats-not-there,"Elon Musk’s Neuralink Corp. used a brain implant to enable a monkey to see something that wasn’t physically there, according to an engineer, as it moves toward its goal of helping blind people see.",articles\048.txt,2026-09-23T10:53:10,News/Media,514
49,transcripts.cnn.com,7/24/2024,Transcripts,,https://transcripts.cnn.com/show/ctw/date/2024-07-24/segment/01,,articles\049.txt,2026-09-23T10:53:30,News/Media,6096
50,www.npr.org,3/10/2025,Scientists are engineering a sense of touch for people who are paralyzed,Jon Hamilton,https://www.npr.org/transcripts/nx-s1-5313452,"A man living with paralysis felt his index finger for the first time in three years, thanks to technology that reconnected his brain and body.",articles\050.txt,2026-09-23T10:53:53,News/Media,911
51,magazine.hms.harvard.edu,10/16/2024,Designing Brain-Computer Interfaces That Connect Neurons to the Digital World,Charles Schmidt,https://magazine.hms.harvard.edu/articles/designing-brain-computer-interfaces-connect-neurons-digital-world,"Twenty years after meeting at HMS, two alumni are at the leading edge of efforts to use minimally invasive neural implants to improve human health",articles\051.txt,2026-09-23T10:54:26,News/Media,2051
52,www.scientificamerican.com,6/7/2024,What It’s like to Live with Elon Musk’s Neuralink Brain Chip,Lauren Leffer,https://www.scientificamerican.com/article/neuralinks-first-user-describes-life-with-elon-musks-brain-chip/,Thirty-year-old Noland Arbaugh says the Neuralink chip has let him “reconnect with the world”,articles\052.txt,2026-09-25T09:05:08,News/Media,1767
53,www.scientificamerican.com,8/14/2024,Brain-to-Speech Tech Good Enough for Everyday Use Debuts in a Man with ALS,Ingrid Wickelgren,https://www.scientificamerican.com/article/brain-to-speech-tech-good-enough-for-everyday-use-debuts-in-a-man-with-als/,A highly robust brain-computer interface boasts low error rates and a durability that allows a user to talk all day long,articles\053.txt,2026-09-25T09:05:19,News/Media,2304
54,www.scientificamerican.com,1/30/2024,Elon Musk's Neuralink Has Implanted Its First Chip in a Human Brain. What's Next?,Ben Guarino,https://www.scientificamerican.com/article/elon-musks-neuralink-has-implanted-its-first-chip-in-a-human-brain-whats-next/,The wealthiest person on Earth has taken the next step toward a commercial brain interface,articles\054.txt,2026-09-25T09:05:31,News/Media,1540
55,www.theguardian.com,5/9/2024,Neuralink’s first implant partly detached from patient’s brain,Nick Robins-Early,https://www.theguardian.com/technology/article/2024/may/09/neuralink-brain-chip-implant,Some of the threads connecting the chip to the brain began to retract. The Elon Musk-owned company did not explain why,articles\055.txt,2026-09-25T09:05:42,News/Media,432
56,www.theguardian.com,7/11/2024,Elon Musk says Neuralink will test brain implant on second patient in ‘next week or so’,Agencies; Guardian staff reporter,https://www.theguardian.com/technology/article/2024/jul/11/neuralink-brain-implant,Firm says wires attaching first patient’s brain to implant are ‘more or less very stable’ after detaching months ago,articles\056.txt,2026-09-25T09:05:52,News/Media,542
57,www.theguardian.com,8/4/2024,"Neuralink has implanted second trial patient with brain chip, Elon Musk says",Guardian staff reporter,https://www.theguardian.com/technology/article/2024/aug/04/neuralink-elon-musk-second-trial-patient-brain-chip,"Founder says procedure, aimed at helping paralyzed people use digital devices by thinking alone, went ‘extremely well’",articles\057.txt,2026-09-25T09:06:03,News/Media,469
58,www.theguardian.com,3/21/2024,Elon Musk’s Neuralink shows brain-chip patient playing online chess,Guardian staff reporter,https://www.theguardian.com/technology/2024/mar/20/elon-musk-neuralink-brain-chip-patient-chess,"Noland Arbaugh, paralyzed after diving accident, received implant in January but experts caution that procedure is in early days",articles\058.txt,2026-09-25T09:06:13,News/Media,298
59,techcrunch.com,6/2/2025,Elon Musk's Neuralink closes a $650M Series E | TechCrunch,Maxwell Zeff,https://techcrunch.com/2025/06/02/elon-musks-neuralink-closes-a-650m-series-e/,"Elon Musk's brain chip implant startup Neuralink raised a $650 million Series E funding round, the company announced.",articles\059.txt,2026-09-25T09:06:24,News/Media,140
60,techcrunch.com,2/22/2026,China's brain-computer interface industry is racing ahead | TechCrunch,Kate Park,https://techcrunch.com/2026/02/22/chinas-brain-computer-interface-industry-is-racing-ahead/,"China’s brain-computer interface industry is rapidly scaling from research to commercialization, driven by strong policy support, expanding clinical trials, and growing investor interest.",articles\060.txt,2026-09-25T09:06:34,News/Media,1146
