article_id,sentences,mean_neg,mean_neu,mean_pos,mean_compound
1,410,0.009814634146341464,0.9612146341463415,0.028963414634146343,0.04160170731707317
2,616,0.013404220779220778,0.9491542207792207,0.03744480519480519,0.0743922077922078
3,482,0.006653526970954357,0.9581452282157676,0.03520331950207469,0.06966784232365146
4,950,0.032876842105263156,0.9525147368421053,0.014610526315789475,-0.03592621052631579
5,72,0.011208333333333334,0.9660138888888888,0.02277777777777778,0.053219444444444444
6,2,0.0,0.793,0.20700000000000002,0.54825
7,214,0.02571495327102804,0.874892523364486,0.09939719626168225,0.21397056074766357
8,258,0.022298449612403102,0.9168759689922481,0.06081395348837209,0.1192093023255814
9,276,0.022228260869565218,0.9295905797101449,0.04819202898550725,0.07038043478260869
10,413,0.013668280871670704,0.9392082324455205,0.04711138014527845,0.09792518159806296
11,825,0.008653333333333334,0.9561757575757576,0.035170909090909086,0.07153418181818182
12,511,0.03462230919765166,0.9054031311154599,0.05996086105675147,0.09227925636007828
13,652,0.008892638036809815,0.959144171779141,0.03196012269938651,0.08890168711656442
14,463,0.01759179265658747,0.9510453563714902,0.0313585313174946,0.05196263498920087
15,983,0.006406917599186165,0.978207527975585,0.015385554425228891,0.02246022380467955
16,983,0.006406917599186165,0.978207527975585,0.015385554425228891,0.02246022380467955
17,918,0.008005446623093682,0.9798464052287582,0.01214814814814815,0.010417538126361656
18,427,0.008810304449648712,0.9706861826697892,0.02050585480093677,0.030254098360655738
19,1018,0.013147347740667977,0.9538840864440078,0.03296365422396857,0.06414970530451866
20,914,0.028549234135667397,0.9241126914660832,0.04733588621444201,0.06197855579868709
21,418,0.040863636363636366,0.8761148325358852,0.08302153110047848,0.1377464114832536
22,312,0.026775641025641023,0.9194935897435897,0.05372756410256411,0.04700480769230769
23,156,0.00857051282051282,0.9388205128205127,0.05260897435897437,0.11663653846153846
24,213,0.02143192488262911,0.9193145539906104,0.05928169014084508,0.10692910798122066
25,341,0.017346041055718475,0.9191935483870968,0.06346041055718475,0.1377782991202346
26,1934,0.016352119958634954,0.958770423991727,0.02487797311271975,0.03119260599793175
27,1272,0.008702044025157233,0.9699709119496857,0.021327044025157234,0.03969174528301887
28,603,0.014466003316749586,0.9497562189054726,0.03577114427860697,0.06707064676616915
29,584,0.012522260273972602,0.9514708904109589,0.03601198630136986,0.06718784246575342
30,565,0.01596991150442478,0.9210902654867258,0.06293982300884955,0.1421283185840708
31,20,0.02585,0.91805,0.05600000000000001,0.05761000000000001
32,19,0.03521052631578948,0.8782105263157894,0.08663157894736842,0.18810000000000002
33,43,0.03430232558139535,0.9333023255813953,0.03246511627906976,0.014716279069767442
34,31,0.030000000000000002,0.8941935483870967,0.07580645161290323,0.12659032258064518
35,109,0.025889908256880735,0.9065779816513763,0.06753211009174312,0.13528807339449542
36,33,0.01990909090909091,0.910060606060606,0.07003030303030303,0.1667787878787879
37,1,0.028,0.972,0.0,-0.25
38,32,0.0431875,0.83271875,0.12409375,0.217925
39,17,0.028058823529411765,0.9001176470588235,0.07176470588235294,0.13824117647058823
40,24,0.08554166666666667,0.8431666666666667,0.07125,0.0007791666666666601
41,14,0.03678571428571429,0.8916428571428572,0.07157142857142858,0.1430857142857143
42,36,0.03258333333333333,0.8835000000000001,0.08383333333333333,0.18213333333333334
43,160,0.03490625,0.890625,0.074475,0.1407875
44,12,0.02,0.9293333333333335,0.050583333333333334,0.081475
45,6,0.06933333333333334,0.9306666666666666,0.0,-0.17045
46,9,0.035777777777777776,0.8983333333333334,0.06588888888888889,0.03675555555555555
47,113,0.02933628318584071,0.8942743362831859,0.07636283185840707,0.08961681415929203
48,24,0.0072499999999999995,0.902875,0.089875,0.21502083333333333
49,322,0.042776397515527954,0.8896987577639752,0.06750621118012423,0.031329192546583846
50,59,0.01983050847457627,0.8867966101694915,0.09338983050847458,0.15812542372881355
51,97,0.026515463917525774,0.8993711340206186,0.0741340206185567,0.1256659793814433
52,88,0.025329545454545455,0.9054204545454546,0.06923863636363636,0.11845568181818181
53,112,0.02625,0.9106696428571429,0.0630625,0.09197857142857144
54,102,0.017519607843137254,0.8765980392156862,0.1058921568627451,0.12318333333333334
55,15,0.021133333333333334,0.9176666666666667,0.06113333333333334,0.13792666666666667
56,20,0.05605,0.9045500000000001,0.03935,-0.032279999999999996
57,21,0.010857142857142857,0.9338571428571429,0.05523809523809523,0.1388952380952381
58,13,0.039538461538461536,0.8726923076923078,0.08769230769230768,0.13953846153846156
59,7,0.016428571428571428,0.9385714285714286,0.045,0.031771428571428575
60,52,0.021326923076923077,0.8841346153846155,0.09457692307692309,0.21436153846153844
