article_id,article_type,mean_positive_score,mean_negative_score,mean_neutral_score,mean_net_sentiment,positive_sentence_pct,negative_sentence_pct,neutral_sentence_pct,number_of_sentences
1,Scientific,0.030745682539682538,0.019543124098124098,0.949711202020202,0.01120255844155844,0.015873015873015872,0.008658008658008658,0.9754689754689755,693
2,Scientific,0.051481367088607594,0.012765508438818565,0.9357531308016878,0.038715858649789034,0.02531645569620253,0.002109704641350211,0.9725738396624473,474
3,Scientific,0.07958010174029452,0.03183364926372155,0.8885862597054887,0.04774645247657296,0.06827309236947791,0.0214190093708166,0.9103078982597055,747
4,Scientific,0.07683336469072165,0.02315120231958763,0.9000154342783505,0.053682162371134025,0.05412371134020619,0.005154639175257732,0.9407216494845361,776
5,Scientific,0.2043586,0.06064330666666667,0.7349980933333333,0.14371529333333333,0.17333333333333334,0.02666666666666667,0.8,75
6,Scientific,0.06645672916666666,0.024388145833333336,0.9091550993589743,0.04206858333333333,0.038461538461538464,0.003205128205128205,0.9583333333333334,624
7,Scientific,0.1926104,0.033330961904761904,0.774058657142857,0.1592794380952381,0.1619047619047619,0.0,0.8380952380952381,105
8,Scientific,0.09945693203883495,0.0429151213592233,0.8576279611650485,0.05654181067961165,0.06796116504854369,0.02912621359223301,0.9029126213592233,206
9,Scientific,0.03661982186234818,0.023227821862348178,0.9401523441295546,0.013392000000000001,0.016194331983805668,0.008097165991902834,0.9757085020242915,247
10,Scientific,0.05428809486166008,0.03176739525691699,0.9139445177865613,0.022520699604743084,0.03557312252964427,0.011857707509881422,0.9525691699604744,253
11,Scientific,0.031494102564102566,0.018011878205128205,0.9504940641025641,0.013482224358974358,0.009615384615384616,0.0,0.9903846153846154,312
12,Scientific,0.07950515156794424,0.021182815331010452,0.8993120331010452,0.0583223362369338,0.05749128919860627,0.003484320557491289,0.9390243902439024,574
13,Scientific,0.059355806220095696,0.04609381339712919,0.8945503947368421,0.013261992822966508,0.03588516746411483,0.028708133971291867,0.9354066985645934,418
14,Scientific,0.04259928240740741,0.03374134953703704,0.9236593356481481,0.00885793287037037,0.018518518518518517,0.02546296296296296,0.9560185185185185,432
15,Scientific,0.05090744578313253,0.03769121084337349,0.9114013222891566,0.013216234939759037,0.03313253012048193,0.02710843373493976,0.9397590361445783,332
16,News/Media,0.13585088888888888,0.04478005555555555,0.8193688888888889,0.09107083333333334,0.05555555555555555,0.05555555555555555,0.8888888888888888,18
17,News/Media,0.3510178947368421,0.04574921052631579,0.6032326842105263,0.30526868421052633,0.47368421052631576,0.05263157894736842,0.47368421052631576,19
18,News/Media,0.1594394722222222,0.01847025,0.8220903611111111,0.14096922222222222,0.1388888888888889,0.0,0.8611111111111112,36
19,News/Media,0.22452988461538462,0.030634538461538463,0.744835576923077,0.19389534615384613,0.23076923076923078,0.0,0.7692307692307693,26
20,News/Media,0.15781041414141414,0.04295042424242424,0.7992391010101011,0.11485998989898989,0.10101010101010101,0.030303030303030304,0.8686868686868687,99
21,News/Media,0.2683744827586207,0.041821310344827584,0.6898042068965516,0.2265531724137931,0.27586206896551724,0.034482758620689655,0.6896551724137931,29
22,News/Media,0.09509735483870967,0.038670032258064514,0.8662326774193548,0.05642732258064515,0.06451612903225806,0.0,0.9354838709677419,31
23,News/Media,0.25737278571428573,0.038002607142857144,0.7046245000000001,0.21937017857142857,0.21428571428571427,0.03571428571428571,0.75,28
24,News/Media,0.11470426666666667,0.05068266666666667,0.8346129999999999,0.0640216,0.13333333333333333,0.0,0.8666666666666667,15
25,News/Media,0.1986260909090909,0.07695363636363636,0.7244202727272727,0.12167245454545456,0.18181818181818182,0.045454545454545456,0.7727272727272727,22
26,News/Media,0.10507693333333333,0.036518133333333334,0.8584048000000001,0.06855879999999999,0.13333333333333333,0.0,0.8666666666666667,15
27,News/Media,0.13532275862068965,0.09148231034482758,0.7731949655172414,0.04384044827586207,0.10344827586206896,0.0,0.896551724137931,29
28,News/Media,0.17224486206896553,0.05321897241379311,0.7745361862068966,0.11902588965517241,0.15862068965517243,0.0,0.8413793103448276,145
29,News/Media,0.2542868181818182,0.016391545454545454,0.7293219090909091,0.23789527272727273,0.2727272727272727,0.0,0.7272727272727273,11
30,News/Media,0.25062698412698414,0.05696093650793651,0.6924121269841269,0.19366604761904763,0.23809523809523808,0.015873015873015872,0.746031746031746,63
